Year,season,roni,season_order
1950,DJF,-1.2,0
1950,JFM,-1.1,1
1950,FMA,-1.0,2
1950,MAM,-1.0,3
1950,AMJ,-1.0,4
1950,MJJ,-0.7,5
1950,JJA,-0.4,6
1950,JAS,-0.3,7
1950,ASO,-0.3,8
1950,SON,-0.4,9
1950,OND,-0.4,10
1950,NDJ,-0.5,11
1951,DJF,-0.3,0
1951,JFM,0.1,1
1951,FMA,0.5,2
1951,MAM,0.6,3
1951,AMJ,0.6,4
1951,MJJ,0.7,5
1951,JJA,0.8,6
1951,JAS,1.0,7
1951,ASO,1.0,8
1951,SON,1.0,9
1951,OND,0.9,10
1951,NDJ,0.7,11
1952,DJF,0.7,0
1952,JFM,0.3,1
1952,FMA,0.5,2
1952,MAM,0.2,3
1952,AMJ,0.0,4
1952,MJJ,-0.4,5
1952,JJA,-0.4,6
1952,JAS,-0.1,7
1952,ASO,0.1,8
1952,SON,0.0,9
1952,OND,-0.1,10
1952,NDJ,0.1,11
1953,DJF,0.4,0
1953,JFM,0.7,1
1953,FMA,0.7,2
1953,MAM,0.7,3
1953,AMJ,0.9,4
1953,MJJ,0.8,5
1953,JJA,0.7,6
1953,JAS,0.7,7
1953,ASO,0.7,8
1953,SON,0.8,9
1953,OND,0.6,10
1953,NDJ,0.7,11
1954,DJF,0.6,0
1954,JFM,0.6,1
1954,FMA,0.3,2
1954,MAM,0.0,3
1954,AMJ,-0.2,4
1954,MJJ,-0.2,5
1954,JJA,-0.4,6
1954,JAS,-0.6,7
1954,ASO,-0.5,8
1954,SON,-0.3,9
1954,OND,-0.1,10
1954,NDJ,-0.2,11
1955,DJF,-0.1,0
1955,JFM,-0.1,1
1955,FMA,-0.1,2
1955,MAM,-0.4,3
1955,AMJ,-0.4,4
1955,MJJ,-0.5,5
1955,JJA,-0.4,6
1955,JAS,-0.7,7
1955,ASO,-0.9,8
1955,SON,-1.3,9
1955,OND,-1.4,10
1955,NDJ,-1.3,11
1956,DJF,-0.8,0
1956,JFM,-0.4,1
1956,FMA,-0.1,2
1956,MAM,-0.1,3
1956,AMJ,0.0,4
1956,MJJ,0.0,5
1956,JJA,-0.1,6
1956,JAS,-0.2,7
1956,ASO,-0.1,8
1956,SON,-0.1,9
1956,OND,-0.1,10
1956,NDJ,-0.2,11
1957,DJF,0.0,0
1957,JFM,0.2,1
1957,FMA,0.5,2
1957,MAM,0.8,3
1957,AMJ,0.9,4
1957,MJJ,0.9,5
1957,JJA,1.0,6
1957,JAS,1.1,7
1957,ASO,1.1,8
1957,SON,1.2,9
1957,OND,1.5,10
1957,NDJ,1.8,11
1958,DJF,1.9,0
1958,JFM,1.8,1
1958,FMA,1.3,2
1958,MAM,1.0,3
1958,AMJ,0.7,4
1958,MJJ,0.6,5
1958,JJA,0.5,6
1958,JAS,0.3,7
1958,ASO,0.2,8
1958,SON,0.2,9
1958,OND,0.4,10
1958,NDJ,0.6,11
1959,DJF,0.8,0
1959,JFM,0.8,1
1959,FMA,0.6,2
1959,MAM,0.5,3
1959,AMJ,0.3,4
1959,MJJ,0.1,5
1959,JJA,-0.1,6
1959,JAS,-0.2,7
1959,ASO,-0.1,8
1959,SON,0.0,9
1959,OND,0.2,10
1959,NDJ,0.2,11
1960,DJF,0.2,0
1960,JFM,0.2,1
1960,FMA,0.2,2
1960,MAM,0.3,3
1960,AMJ,0.2,4
1960,MJJ,0.1,5
1960,JJA,0.1,6
1960,JAS,0.2,7
1960,ASO,0.3,8
1960,SON,0.1,9
1960,OND,-0.1,10
1960,NDJ,-0.1,11
1961,DJF,0.0,0
1961,JFM,0.1,1
1961,FMA,0.0,2
1961,MAM,0.1,3
1961,AMJ,0.2,4
1961,MJJ,0.3,5
1961,JJA,0.2,6
1961,JAS,-0.1,7
1961,ASO,-0.2,8
1961,SON,-0.2,9
1961,OND,-0.1,10
1961,NDJ,0.0,11
1962,DJF,0.0,0
1962,JFM,0.0,1
1962,FMA,0.0,2
1962,MAM,-0.2,3
1962,AMJ,-0.2,4
1962,MJJ,-0.1,5
1962,JJA,0.0,6
1962,JAS,-0.1,7
1962,ASO,-0.1,8
1962,SON,-0.3,9
1962,OND,-0.3,10
1962,NDJ,-0.4,11
1963,DJF,-0.3,0
1963,JFM,-0.1,1
1963,FMA,0.0,2
1963,MAM,0.1,3
1963,AMJ,0.0,4
1963,MJJ,0.4,5
1963,JJA,0.7,6
1963,JAS,1.1,7
1963,ASO,1.1,8
1963,SON,1.1,9
1963,OND,1.1,10
1963,NDJ,1.1,11
1964,DJF,1.0,0
1964,JFM,0.6,1
1964,FMA,0.1,2
1964,MAM,-0.4,3
1964,AMJ,-0.7,4
1964,MJJ,-0.7,5
1964,JJA,-0.6,6
1964,JAS,-0.5,7
1964,ASO,-0.5,8
1964,SON,-0.6,9
1964,OND,-0.6,10
1964,NDJ,-0.5,11
1965,DJF,-0.2,0
1965,JFM,0.1,1
1965,FMA,0.2,2
1965,MAM,0.4,3
1965,AMJ,0.6,4
1965,MJJ,1.0,5
1965,JJA,1.3,6
1965,JAS,1.5,7
1965,ASO,1.8,8
1965,SON,1.9,9
1965,OND,2.0,10
1965,NDJ,1.8,11
1966,DJF,1.5,0
1966,JFM,1.3,1
1966,FMA,1.0,2
1966,MAM,0.6,3
1966,AMJ,0.3,4
1966,MJJ,0.2,5
1966,JJA,0.3,6
1966,JAS,0.2,7
1966,ASO,0.0,8
1966,SON,0.0,9
1966,OND,-0.1,10
1966,NDJ,-0.2,11
1967,DJF,-0.3,0
1967,JFM,-0.2,1
1967,FMA,-0.3,2
1967,MAM,-0.3,3
1967,AMJ,-0.1,4
1967,MJJ,0.2,5
1967,JJA,0.2,6
1967,JAS,0.0,7
1967,ASO,-0.1,8
1967,SON,-0.1,9
1967,OND,0.0,10
1967,NDJ,0.0,11
1968,DJF,-0.2,0
1968,JFM,-0.4,1
1968,FMA,-0.3,2
1968,MAM,-0.3,3
1968,AMJ,0.1,4
1968,MJJ,0.3,5
1968,JJA,0.6,6
1968,JAS,0.5,7
1968,ASO,0.4,8
1968,SON,0.6,9
1968,OND,0.7,10
1968,NDJ,1.0,11
1969,DJF,1.1,0
1969,JFM,1.0,1
1969,FMA,0.7,2
1969,MAM,0.4,3
1969,AMJ,0.4,4
1969,MJJ,0.3,5
1969,JJA,0.3,6
1969,JAS,0.3,7
1969,ASO,0.6,8
1969,SON,0.7,9
1969,OND,0.8,10
1969,NDJ,0.7,11
1970,DJF,0.5,0
1970,JFM,0.2,1
1970,FMA,0.2,2
1970,MAM,0.2,3
1970,AMJ,0.1,4
1970,MJJ,-0.2,5
1970,JJA,-0.5,6
1970,JAS,-0.6,7
1970,ASO,-0.5,8
1970,SON,-0.6,9
1970,OND,-0.5,10
1970,NDJ,-0.8,11
1971,DJF,-0.9,0
1971,JFM,-1.0,1
1971,FMA,-0.8,2
1971,MAM,-0.6,3
1971,AMJ,-0.5,4
1971,MJJ,-0.4,5
1971,JJA,-0.3,6
1971,JAS,-0.2,7
1971,ASO,-0.3,8
1971,SON,-0.4,9
1971,OND,-0.4,10
1971,NDJ,-0.4,11
1972,DJF,-0.2,0
1972,JFM,0.0,1
1972,FMA,0.3,2
1972,MAM,0.5,3
1972,AMJ,0.7,4
1972,MJJ,0.9,5
1972,JJA,1.1,6
1972,JAS,1.4,7
1972,ASO,1.6,8
1972,SON,1.8,9
1972,OND,2.0,10
1972,NDJ,1.9,11
1973,DJF,1.7,0
1973,JFM,1.3,1
1973,FMA,0.6,2
1973,MAM,-0.2,3
1973,AMJ,-0.7,4
1973,MJJ,-1.0,5
1973,JJA,-1.1,6
1973,JAS,-1.2,7
1973,ASO,-1.3,8
1973,SON,-1.6,9
1973,OND,-1.9,10
1973,NDJ,-1.9,11
1974,DJF,-1.6,0
1974,JFM,-1.3,1
1974,FMA,-1.0,2
1974,MAM,-0.8,3
1974,AMJ,-0.6,4
1974,MJJ,-0.5,5
1974,JJA,-0.3,6
1974,JAS,-0.2,7
1974,ASO,-0.2,8
1974,SON,-0.4,9
1974,OND,-0.6,10
1974,NDJ,-0.3,11
1975,DJF,-0.1,0
1975,JFM,-0.1,1
1975,FMA,-0.3,2
1975,MAM,-0.4,3
1975,AMJ,-0.6,4
1975,MJJ,-0.7,5
1975,JJA,-0.9,6
1975,JAS,-0.9,7
1975,ASO,-1.0,8
1975,SON,-0.9,9
1975,OND,-1.0,10
1975,NDJ,-1.1,11
1976,DJF,-1.0,0
1976,JFM,-0.6,1
1976,FMA,-0.3,2
1976,MAM,-0.1,3
1976,AMJ,0.0,4
1976,MJJ,0.3,5
1976,JJA,0.5,6
1976,JAS,0.7,7
1976,ASO,0.9,8
1976,SON,1.0,9
1976,OND,1.1,10
1976,NDJ,1.1,11
1977,DJF,1.0,0
1977,JFM,0.9,1
1977,FMA,0.5,2
1977,MAM,0.3,3
1977,AMJ,0.3,4
1977,MJJ,0.5,5
1977,JJA,0.5,6
1977,JAS,0.5,7
1977,ASO,0.6,8
1977,SON,0.9,9
1977,OND,1.1,10
1977,NDJ,1.1,11
1978,DJF,1.0,0
1978,JFM,0.7,1
1978,FMA,0.3,2
1978,MAM,-0.1,3
1978,AMJ,-0.3,4
1978,MJJ,-0.2,5
1978,JJA,-0.3,6
1978,JAS,-0.3,7
1978,ASO,-0.3,8
1978,SON,-0.1,9
1978,OND,0.2,10
1978,NDJ,0.3,11
1979,DJF,0.3,0
1979,JFM,0.3,1
1979,FMA,0.3,2
1979,MAM,0.2,3
1979,AMJ,0.1,4
1979,MJJ,0.0,5
1979,JJA,0.0,6
1979,JAS,0.3,7
1979,ASO,0.4,8
1979,SON,0.5,9
1979,OND,0.5,10
1979,NDJ,0.6,11
1980,DJF,0.7,0
1980,JFM,0.5,1
1980,FMA,0.3,2
1980,MAM,0.1,3
1980,AMJ,0.3,4
1980,MJJ,0.3,5
1980,JJA,0.1,6
1980,JAS,-0.1,7
1980,ASO,-0.2,8
1980,SON,-0.1,9
1980,OND,0.1,10
1980,NDJ,0.1,11
1981,DJF,0.0,0
1981,JFM,-0.2,1
1981,FMA,-0.3,2
1981,MAM,-0.2,3
1981,AMJ,-0.3,4
1981,MJJ,-0.3,5
1981,JJA,-0.2,6
1981,JAS,-0.2,7
1981,ASO,0.0,8
1981,SON,-0.2,9
1981,OND,-0.2,10
1981,NDJ,-0.1,11
1982,DJF,0.1,0
1982,JFM,0.2,1
1982,FMA,0.2,2
1982,MAM,0.5,3
1982,AMJ,0.7,4
1982,MJJ,0.8,5
1982,JJA,0.9,6
1982,JAS,1.1,7
1982,ASO,1.6,8
1982,SON,2.0,9
1982,OND,2.2,10
1982,NDJ,2.4,11
1983,DJF,2.4,0
1983,JFM,2.2,1
1983,FMA,1.7,2
1983,MAM,1.3,3
1983,AMJ,0.9,4
1983,MJJ,0.5,5
1983,JJA,0.0,6
1983,JAS,-0.2,7
1983,ASO,-0.6,8
1983,SON,-0.9,9
1983,OND,-1.1,10
1983,NDJ,-1.0,11
1984,DJF,-0.6,0
1984,JFM,-0.5,1
1984,FMA,-0.5,2
1984,MAM,-0.6,3
1984,AMJ,-0.6,4
1984,MJJ,-0.5,5
1984,JJA,-0.3,6
1984,JAS,-0.2,7
1984,ASO,-0.3,8
1984,SON,-0.6,9
1984,OND,-0.9,10
1984,NDJ,-0.9,11
1985,DJF,-0.8,0
1985,JFM,-0.7,1
1985,FMA,-0.7,2
1985,MAM,-0.8,3
1985,AMJ,-0.8,4
1985,MJJ,-0.5,5
1985,JJA,-0.3,6
1985,JAS,-0.2,7
1985,ASO,-0.2,8
1985,SON,-0.2,9
1985,OND,-0.1,10
1985,NDJ,-0.2,11
1986,DJF,-0.3,0
1986,JFM,-0.3,1
1986,FMA,-0.2,2
1986,MAM,-0.1,3
1986,AMJ,-0.1,4
1986,MJJ,0.0,5
1986,JJA,0.3,6
1986,JAS,0.6,7
1986,ASO,0.8,8
1986,SON,1.0,9
1986,OND,1.2,10
1986,NDJ,1.4,11
1987,DJF,1.5,0
1987,JFM,1.4,1
1987,FMA,1.1,2
1987,MAM,0.9,3
1987,AMJ,0.8,4
1987,MJJ,0.9,5
1987,JJA,1.1,6
1987,JAS,1.3,7
1987,ASO,1.3,8
1987,SON,1.2,9
1987,OND,1.0,10
1987,NDJ,0.8,11
1988,DJF,0.5,0
1988,JFM,0.1,1
1988,FMA,-0.4,2
1988,MAM,-0.9,3
1988,AMJ,-1.5,4
1988,MJJ,-1.7,5
1988,JJA,-1.6,6
1988,JAS,-1.4,7
1988,ASO,-1.4,8
1988,SON,-1.7,9
1988,OND,-1.9,10
1988,NDJ,-1.9,11
1989,DJF,-1.6,0
1989,JFM,-1.4,1
1989,FMA,-1.1,2
1989,MAM,-0.9,3
1989,AMJ,-0.6,4
1989,MJJ,-0.4,5
1989,JJA,-0.4,6
1989,JAS,-0.4,7
1989,ASO,-0.3,8
1989,SON,-0.2,9
1989,OND,-0.1,10
1989,NDJ,0.1,11
1990,DJF,0.3,0
1990,JFM,0.3,1
1990,FMA,0.3,2
1990,MAM,0.3,3
1990,AMJ,0.2,4
1990,MJJ,0.2,5
1990,JJA,0.2,6
1990,JAS,0.3,7
1990,ASO,0.3,8
1990,SON,0.3,9
1990,OND,0.3,10
1990,NDJ,0.4,11
1991,DJF,0.6,0
1991,JFM,0.5,1
1991,FMA,0.4,2
1991,MAM,0.4,3
1991,AMJ,0.6,4
1991,MJJ,0.7,5
1991,JJA,0.9,6
1991,JAS,0.8,7
1991,ASO,1.0,8
1991,SON,1.2,9
1991,OND,1.7,10
1991,NDJ,2.0,11
1992,DJF,2.1,0
1992,JFM,2.1,1
1992,FMA,1.9,2
1992,MAM,1.8,3
1992,AMJ,1.4,4
1992,MJJ,0.9,5
1992,JJA,0.5,6
1992,JAS,0.3,7
1992,ASO,0.1,8
1992,SON,0.1,9
1992,OND,0.1,10
1992,NDJ,0.4,11
1993,DJF,0.6,0
1993,JFM,0.7,1
1993,FMA,0.9,2
1993,MAM,1.1,3
1993,AMJ,1.0,4
1993,MJJ,0.8,5
1993,JJA,0.5,6
1993,JAS,0.5,7
1993,ASO,0.5,8
1993,SON,0.5,9
1993,OND,0.4,10
1993,NDJ,0.4,11
1994,DJF,0.3,0
1994,JFM,0.2,1
1994,FMA,0.2,2
1994,MAM,0.3,3
1994,AMJ,0.4,4
1994,MJJ,0.4,5
1994,JJA,0.5,6
1994,JAS,0.6,7
1994,ASO,0.8,8
1994,SON,1.0,9
1994,OND,1.2,10
1994,NDJ,1.3,11
1995,DJF,1.2,0
1995,JFM,0.9,1
1995,FMA,0.6,2
1995,MAM,0.2,3
1995,AMJ,-0.1,4
1995,MJJ,-0.2,5
1995,JJA,-0.4,6
1995,JAS,-0.6,7
1995,ASO,-0.8,8
1995,SON,-0.9,9
1995,OND,-1.0,10
1995,NDJ,-1.0,11
1996,DJF,-0.9,0
1996,JFM,-0.7,1
1996,FMA,-0.6,2
1996,MAM,-0.4,3
1996,AMJ,-0.2,4
1996,MJJ,-0.2,5
1996,JJA,-0.2,6
1996,JAS,-0.2,7
1996,ASO,-0.2,8
1996,SON,-0.2,9
1996,OND,-0.3,10
1996,NDJ,-0.3,11
1997,DJF,-0.2,0
1997,JFM,0.0,1
1997,FMA,0.2,2
1997,MAM,0.5,3
1997,AMJ,0.8,4
1997,MJJ,1.2,5
1997,JJA,1.5,6
1997,JAS,1.8,7
1997,ASO,2.1,8
1997,SON,2.2,9
1997,OND,2.3,10
1997,NDJ,2.3,11
1998,DJF,2.1,0
1998,JFM,1.8,1
1998,FMA,1.2,2
1998,MAM,0.8,3
1998,AMJ,0.1,4
1998,MJJ,-0.5,5
1998,JJA,-1.0,6
1998,JAS,-1.1,7
1998,ASO,-1.2,8
1998,SON,-1.3,9
1998,OND,-1.5,10
1998,NDJ,-1.6,11
1999,DJF,-1.6,0
1999,JFM,-1.3,1
1999,FMA,-1.0,2
1999,MAM,-0.9,3
1999,AMJ,-0.8,4
1999,MJJ,-0.8,5
1999,JJA,-0.8,6
1999,JAS,-0.9,7
1999,ASO,-0.9,8
1999,SON,-1.1,9
1999,OND,-1.3,10
1999,NDJ,-1.6,11
2000,DJF,-1.5,0
2000,JFM,-1.3,1
2000,FMA,-1.1,2
2000,MAM,-0.9,3
2000,AMJ,-0.7,4
2000,MJJ,-0.5,5
2000,JJA,-0.3,6
2000,JAS,-0.3,7
2000,ASO,-0.4,8
2000,SON,-0.5,9
2000,OND,-0.8,10
2000,NDJ,-0.8,11
2001,DJF,-0.8,0
2001,JFM,-0.6,1
2001,FMA,-0.5,2
2001,MAM,-0.4,3
2001,AMJ,-0.3,4
2001,MJJ,-0.1,5
2001,JJA,0.0,6
2001,JAS,0.0,7
2001,ASO,0.0,8
2001,SON,-0.2,9
2001,OND,-0.3,10
2001,NDJ,-0.3,11
2002,DJF,-0.2,0
2002,JFM,0.0,1
2002,FMA,0.0,2
2002,MAM,0.1,3
2002,AMJ,0.2,4
2002,MJJ,0.4,5
2002,JJA,0.6,6
2002,JAS,0.8,7
2002,ASO,1.0,8
2002,SON,1.2,9
2002,OND,1.3,10
2002,NDJ,1.1,11
2003,DJF,0.9,0
2003,JFM,0.5,1
2003,FMA,0.2,2
2003,MAM,-0.2,3
2003,AMJ,-0.3,4
2003,MJJ,-0.2,5
2003,JJA,0.0,6
2003,JAS,0.1,7
2003,ASO,0.2,8
2003,SON,0.2,9
2003,OND,0.3,10
2003,NDJ,0.2,11
2004,DJF,0.2,0
2004,JFM,0.1,1
2004,FMA,0.1,2
2004,MAM,0.1,3
2004,AMJ,0.2,4
2004,MJJ,0.4,5
2004,JJA,0.5,6
2004,JAS,0.7,7
2004,ASO,0.7,8
2004,SON,0.7,9
2004,OND,0.7,10
2004,NDJ,0.7,11
2005,DJF,0.5,0
2005,JFM,0.4,1
2005,FMA,0.3,2
2005,MAM,0.3,3
2005,AMJ,0.2,4
2005,MJJ,0.1,5
2005,JJA,-0.1,6
2005,JAS,-0.1,7
2005,ASO,0.0,8
2005,SON,-0.2,9
2005,OND,-0.5,10
2005,NDJ,-0.8,11
2006,DJF,-0.9,0
2006,JFM,-0.9,1
2006,FMA,-0.7,2
2006,MAM,-0.5,3
2006,AMJ,-0.2,4
2006,MJJ,0.0,5
2006,JJA,0.1,6
2006,JAS,0.4,7
2006,ASO,0.6,8
2006,SON,0.7,9
2006,OND,0.9,10
2006,NDJ,0.9,11
2007,DJF,0.6,0
2007,JFM,0.2,1
2007,FMA,-0.1,2
2007,MAM,-0.3,3
2007,AMJ,-0.4,4
2007,MJJ,-0.4,5
2007,JJA,-0.5,6
2007,JAS,-0.8,7
2007,ASO,-1.0,8
2007,SON,-1.3,9
2007,OND,-1.5,10
2007,NDJ,-1.6,11
2008,DJF,-1.7,0
2008,JFM,-1.6,1
2008,FMA,-1.4,2
2008,MAM,-1.0,3
2008,AMJ,-0.8,4
2008,MJJ,-0.5,5
2008,JJA,-0.2,6
2008,JAS,-0.2,7
2008,ASO,-0.3,8
2008,SON,-0.4,9
2008,OND,-0.6,10
2008,NDJ,-0.9,11
2009,DJF,-1.0,0
2009,JFM,-0.9,1
2009,FMA,-0.7,2
2009,MAM,-0.4,3
2009,AMJ,0.0,4
2009,MJJ,0.2,5
2009,JJA,0.4,6
2009,JAS,0.4,7
2009,ASO,0.5,8
2009,SON,0.9,9
2009,OND,1.3,10
2009,NDJ,1.5,11
2010,DJF,1.4,0
2010,JFM,1.1,1
2010,FMA,0.7,2
2010,MAM,0.1,3
2010,AMJ,-0.5,4
2010,MJJ,-1.0,5
2010,JJA,-1.2,6
2010,JAS,-1.4,7
2010,ASO,-1.5,8
2010,SON,-1.6,9
2010,OND,-1.6,10
2010,NDJ,-1.5,11
2011,DJF,-1.4,0
2011,JFM,-1.2,1
2011,FMA,-1.0,2
2011,MAM,-0.8,3
2011,AMJ,-0.5,4
2011,MJJ,-0.3,5
2011,JJA,-0.3,6
2011,JAS,-0.4,7
2011,ASO,-0.7,8
2011,SON,-0.9,9
2011,OND,-1.0,10
2011,NDJ,-1.0,11
2012,DJF,-0.8,0
2012,JFM,-0.6,1
2012,FMA,-0.5,2
2012,MAM,-0.4,3
2012,AMJ,-0.3,4
2012,MJJ,0.0,5
2012,JJA,0.3,6
2012,JAS,0.4,7
2012,ASO,0.4,8
2012,SON,0.2,9
2012,OND,0.0,10
2012,NDJ,-0.3,11
2013,DJF,-0.5,0
2013,JFM,-0.6,1
2013,FMA,-0.5,2
2013,MAM,-0.4,3
2013,AMJ,-0.5,4
2013,MJJ,-0.5,5
2013,JJA,-0.5,6
2013,JAS,-0.4,7
2013,ASO,-0.4,8
2013,SON,-0.2,9
2013,OND,-0.2,10
2013,NDJ,-0.3,11
2014,DJF,-0.4,0
2014,JFM,-0.4,1
2014,FMA,-0.1,2
2014,MAM,0.1,3
2014,AMJ,0.2,4
2014,MJJ,0.0,5
2014,JJA,-0.1,6
2014,JAS,-0.1,7
2014,ASO,0.1,8
2014,SON,0.4,9
2014,OND,0.5,10
2014,NDJ,0.6,11
2015,DJF,0.5,0
2015,JFM,0.5,1
2015,FMA,0.6,2
2015,MAM,0.7,3
2015,AMJ,0.9,4
2015,MJJ,1.0,5
2015,JJA,1.3,6
2015,JAS,1.5,7
2015,ASO,1.8,8
2015,SON,2.0,9
2015,OND,2.2,10
2015,NDJ,2.3,11
2016,DJF,2.1,0
2016,JFM,1.8,1
2016,FMA,1.3,2
2016,MAM,0.7,3
2016,AMJ,0.1,4
2016,MJJ,-0.4,5
2016,JJA,-0.7,6
2016,JAS,-0.8,7
2016,ASO,-0.9,8
2016,SON,-1.0,9
2016,OND,-1.0,10
2016,NDJ,-0.9,11
2017,DJF,-0.6,0
2017,JFM,-0.4,1
2017,FMA,-0.2,2
2017,MAM,-0.1,3
2017,AMJ,0.0,4
2017,MJJ,0.0,5
2017,JJA,-0.2,6
2017,JAS,-0.5,7
2017,ASO,-0.6,8
2017,SON,-0.8,9
2017,OND,-1.0,10
2017,NDJ,-1.1,11
2018,DJF,-1.1,0
2018,JFM,-1.0,1
2018,FMA,-0.9,2
2018,MAM,-0.7,3
2018,AMJ,-0.3,4
2018,MJJ,0.0,5
2018,JJA,0.1,6
2018,JAS,0.2,7
2018,ASO,0.4,8
2018,SON,0.6,9
2018,OND,0.8,10
2018,NDJ,0.8,11
2019,DJF,0.7,0
2019,JFM,0.6,1
2019,FMA,0.6,2
2019,MAM,0.5,3
2019,AMJ,0.4,4
2019,MJJ,0.2,5
2019,JJA,0.0,6
2019,JAS,-0.1,7
2019,ASO,0.0,8
2019,SON,0.2,9
2019,OND,0.3,10
2019,NDJ,0.2,11
2020,DJF,0.1,0
2020,JFM,0.1,1
2020,FMA,0.0,2
2020,MAM,-0.3,3
2020,AMJ,-0.5,4
2020,MJJ,-0.7,5
2020,JJA,-0.8,6
2020,JAS,-0.8,7
2020,ASO,-1.2,8
2020,SON,-1.4,9
2020,OND,-1.5,10
2020,NDJ,-1.4,11
2021,DJF,-1.3,0
2021,JFM,-1.2,1
2021,FMA,-1.1,2
2021,MAM,-0.9,3
2021,AMJ,-0.7,4
2021,MJJ,-0.6,5
2021,JJA,-0.6,6
2021,JAS,-0.8,7
2021,ASO,-0.9,8
2021,SON,-1.1,9
2021,OND,-1.2,10
2021,NDJ,-1.2,11
2022,DJF,-1.2,0
2022,JFM,-1.1,1
2022,FMA,-1.2,2
2022,MAM,-1.3,3
2022,AMJ,-1.2,4
2022,MJJ,-0.9,5
2022,JJA,-0.9,6
2022,JAS,-0.9,7
2022,ASO,-1.1,8
2022,SON,-1.1,9
2022,OND,-1.1,10
2022,NDJ,-1.0,11
2023,DJF,-0.9,0
2023,JFM,-0.7,1
2023,FMA,-0.5,2
2023,MAM,-0.3,3
2023,AMJ,0.0,4
2023,MJJ,0.3,5
2023,JJA,0.5,6
2023,JAS,0.8,7
2023,ASO,1.0,8
2023,SON,1.3,9
2023,OND,1.4,10
2023,NDJ,1.4,11
2024,DJF,1.1,0
2024,JFM,0.8,1
2024,FMA,0.4,2
2024,MAM,0.0,3
2024,AMJ,-0.3,4
2024,MJJ,-0.4,5
2024,JJA,-0.5,6
2024,JAS,-0.6,7
2024,ASO,-0.7,8
2024,SON,-0.8,9
2024,OND,-0.9,10
2024,NDJ,-1.0,11
2025,DJF,-1.1,0
2025,JFM,-0.8,1
2025,FMA,-0.7,2
2025,MAM,-0.5,3
2025,AMJ,-0.5,4
2025,MJJ,-0.4,5
2025,JJA,-0.4,6
2025,JAS,-0.6,7
2025,ASO,-0.8,8
2025,SON,-0.9,9
2025,OND,-1.0,10
2025,NDJ,-1.0,11
2026,DJF,-0.9,0
2026,JFM,-0.8,1
2026,FMA,-0.4,2
2026,MAM,0.0,3
2026,AMJ,0.5,4
2026,MJJ,1.0,5
2026,JJA,1.4,6
2026,JAS,,7
2026,ASO,,8
2026,SON,,9
2026,OND,,10
2026,NDJ,,11
